# Cloudflare Pages Redirects - .html URLs only
# Clean URLs are removed - all links must use explicit .html extensions

# ===== 1. Language Entry Points =====
/                            /en/index.html               302
/en                          /en/index.html               301
/en/                         /en/index.html               301
/index.html                  /en/index.html               301

# ===== 1.5 /en/ Game Shortcuts =====
/en/snake.html               /en/hobbies-games/snake.html              301
/en/snake                    /en/hobbies-games/snake.html              301
/en/breaker.html             /en/hobbies-games/block-breaker.html      301
/en/breaker                  /en/hobbies-games/block-breaker.html      301
/en/2048.html                /en/hobbies-games/2048.html               301
/en/2048                     /en/hobbies-games/2048.html               301
/en/invaders.html            /en/hobbies-games/space-invaders.html     301
/en/invaders                 /en/hobbies-games/space-invaders.html     301

# ===== 2. Legacy Root Pages → /en/*.html =====
/about.html                  /en/about.html               301
/about                       /en/about.html               301
/contact.html                /en/contact.html             301
/contact                     /en/contact.html             301
/overview.html               /en/overview.html            301
/overview                    /en/overview.html            301
/deep-dive.html              /en/deep-dive.html           301
/deep-dive                   /en/deep-dive.html           301
/privacy.html                /en/privacy.html             301
/privacy                     /en/privacy.html             301

# ===== 3. Legacy Projects → /en/projects/*.html =====
/projects                    /en/projects/index.html      301
/projects/                   /en/projects/index.html      301
/projects.html               /en/projects/index.html      301
/projects/index.html         /en/projects/index.html      301

/project-competitive-strategy.html   /en/projects/competitive-strategy.html   301
/project-competitive-strategy        /en/projects/competitive-strategy.html   301
/project-conflict.html               /en/projects/competitive-strategy.html   301
/project-conflict                    /en/projects/competitive-strategy.html   301
/project-discipline.html             /en/projects/discipline.html             301
/project-discipline                  /en/projects/discipline.html             301
/project-documentation.html          /en/projects/documentation.html          301
/project-documentation               /en/projects/documentation.html          301
/project-logistics.html              /en/projects/logistics.html              301
/project-logistics                   /en/projects/logistics.html              301
/project-multilingual.html           /en/projects/multilingual.html           301
/project-multilingual                /en/projects/multilingual.html           301
/project-portfolio.html              /en/projects/portfolio.html              301
/project-portfolio                   /en/projects/portfolio.html              301

/projects/competitive-strategy       /en/projects/competitive-strategy.html   301
/projects/competitive-strategy.html  /en/projects/competitive-strategy.html   301
/projects/discipline                 /en/projects/discipline.html             301
/projects/discipline.html            /en/projects/discipline.html             301
/projects/documentation              /en/projects/documentation.html          301
/projects/documentation.html         /en/projects/documentation.html          301
/projects/logistics                  /en/projects/logistics.html              301
/projects/logistics.html             /en/projects/logistics.html              301
/projects/multilingual               /en/projects/multilingual.html           301
/projects/multilingual.html          /en/projects/multilingual.html           301
/projects/portfolio                  /en/projects/portfolio.html              301
/projects/portfolio.html             /en/projects/portfolio.html              301

# ===== 4. Legacy Hobbies → /en/hobbies/*.html =====
/hobbies                     /en/hobbies/index.html       301
/hobbies/                    /en/hobbies/index.html       301
/hobbies.html                /en/hobbies/index.html       301
/hobbies/index.html          /en/hobbies/index.html       301

/hobby-car.html              /en/hobbies/car.html         301
/hobby-car                   /en/hobbies/car.html         301
/hobby-cooking.html          /en/hobbies/cooking.html     301
/hobby-cooking               /en/hobbies/cooking.html     301
/hobby-gym.html              /en/hobbies/gym.html         301
/hobby-gym                   /en/hobbies/gym.html         301
/hobby-photography.html      /en/hobbies/photography.html 301
/hobby-photography           /en/hobbies/photography.html 301
/hobby-reading.html          /en/hobbies/reading.html     301
/hobby-reading               /en/hobbies/reading.html     301
/hobby-whispers.html         /en/hobbies/whispers.html    301
/hobby-whispers              /en/hobbies/whispers.html    301

/hobbies/car                 /en/hobbies/car.html         301
/hobbies/car.html            /en/hobbies/car.html         301
/hobbies/cooking             /en/hobbies/cooking.html     301
/hobbies/cooking.html        /en/hobbies/cooking.html     301
/hobbies/gym                 /en/hobbies/gym.html         301
/hobbies/gym.html            /en/hobbies/gym.html         301
/hobbies/photography         /en/hobbies/photography.html 301
/hobbies/photography.html    /en/hobbies/photography.html 301
/hobbies/reading             /en/hobbies/reading.html     301
/hobbies/reading.html        /en/hobbies/reading.html     301
/hobbies/whispers            /en/hobbies/whispers.html    301
/hobbies/whispers.html       /en/hobbies/whispers.html    301

# ===== 5. Legacy Games → /en/hobbies-games/*.html =====
/hobbies-games               /en/hobbies-games/index.html 301
/hobbies-games/              /en/hobbies-games/index.html 301
/hobbies-games.html          /en/hobbies-games/index.html 301

/hobbies-games/1024-moves              /en/hobbies-games/1024-moves.html            301
/hobbies-games/1024-moves.html         /en/hobbies-games/1024-moves.html            301
/hobbies-games/2048                    /en/hobbies-games/2048.html                  301
/hobbies-games/2048.html               /en/hobbies-games/2048.html                  301
/hobbies-games/back-attacker           /en/hobbies-games/back-attacker.html         301
/hobbies-games/back-attacker.html      /en/hobbies-games/back-attacker.html         301
/hobbies-games/block-breaker           /en/hobbies-games/block-breaker.html         301
/hobbies-games/block-breaker.html      /en/hobbies-games/block-breaker.html         301
/hobbies-games/nano-wirebot            /en/hobbies-games/nano-wirebot.html          301
/hobbies-games/nano-wirebot.html       /en/hobbies-games/nano-wirebot.html          301
/hobbies-games/off-the-line            /en/hobbies-games/off-the-line.html          301
/hobbies-games/off-the-line.html       /en/hobbies-games/off-the-line.html          301
/hobbies-games/oh-flip                 /en/hobbies-games/oh-flip.html               301
/hobbies-games/oh-flip.html            /en/hobbies-games/oh-flip.html               301
/hobbies-games/onoff                   /en/hobbies-games/onoff.html                 301
/hobbies-games/onoff.html              /en/hobbies-games/onoff.html                 301
/hobbies-games/pizza-undelivery        /en/hobbies-games/pizza-undelivery.html      301
/hobbies-games/pizza-undelivery.html   /en/hobbies-games/pizza-undelivery.html      301
/hobbies-games/racer                   /en/hobbies-games/racer.html                 301
/hobbies-games/racer.html              /en/hobbies-games/racer.html                 301
/hobbies-games/snake                   /en/hobbies-games/snake.html                 301
/hobbies-games/snake.html              /en/hobbies-games/snake.html                 301
/hobbies-games/space-invaders          /en/hobbies-games/space-invaders.html        301
/hobbies-games/space-invaders.html     /en/hobbies-games/space-invaders.html        301
/hobbies-games/the-matr13k             /en/hobbies-games/the-matr13k.html           301
/hobbies-games/the-matr13k.html        /en/hobbies-games/the-matr13k.html           301
/hobbies-games/triangle-back-to-home   /en/hobbies-games/triangle-back-to-home.html 301
/hobbies-games/triangle-back-to-home.html /en/hobbies-games/triangle-back-to-home.html 301
/hobbies-games/xx142-b2exe             /en/hobbies-games/xx142-b2exe.html           301
/hobbies-games/xx142-b2exe.html        /en/hobbies-games/xx142-b2exe.html           301

# Legacy game shortcuts
/2048                        /en/hobbies-games/2048.html           301
/2048.html                   /en/hobbies-games/2048.html           301
/snake                       /en/hobbies-games/snake.html          301
/snake.html                  /en/hobbies-games/snake.html          301
/invaders                    /en/hobbies-games/space-invaders.html 301
/invaders.html               /en/hobbies-games/space-invaders.html 301
/breaker                     /en/hobbies-games/block-breaker.html  301
/breaker.html                /en/hobbies-games/block-breaker.html  301

# ===== 6. 404 Fallback =====
/404.html                    404
